term,score
hr,0.1112811013540233
recruitment,0.08827050572362682
business,0.05148723300623273
work,0.0490547694651232
role,0.04618084178837467
team,0.04207552859464404
people,0.04012219421292821
support,0.0381877403026623
experience,0.037790879229482134
client,0.0372223858217264
candidate,0.037019493654479256
management,0.035543833455324636
employee,0.033123145823425224
talent,0.032673180384446825
development,0.03061397643305804
opportunity,0.029582386547706997
provide,0.02837258904829038
skill,0.028103881766385237
organisation,0.02706851664249671
training,0.02670050395899524
new,0.026389133096727885
strong,0.02600711934745812
culture,0.025260210913015807
ability,0.025208866871475596
human,0.02506789432061772
